gene,guide_index,sgRNA
PDCD1,1,CCCTTCGGTCACCACGAGCA
PDCD1,2,CCATAGTCCACAGAGAACAC
PDCD1,3,AGCCGGCCAGTTCCAAACCC
PDCD1,4,TCCGCTAGGAAAGACAATGG
CTLA4,1,AAGAAGCCCTCTTACAACAG
CTLA4,2,TGCCCAGGTAGTATGGCGGT
CTLA4,3,TACCCACCGCCATACTACCT
CTLA4,4,TCCTTGCAGCAGTTAGTTCG
LAG3,1,GTTCCGGAACCAATGCACAG
LAG3,2,GGAACCAATGCACAGAGGCT
LAG3,3,GGCTCACATCCTCTAGTCGA
LAG3,4,GGGAGTTACCCAGAACAGTG
HAVCR2,1,AGAGAACGTATATGAAGTGG
HAVCR2,2,TAGGCATCTACATCGGAGCA
HAVCR2,3,TCTCTGCCGAGTCGGTGCAG
HAVCR2,4,ATAGGCATCTACATCGGAGC
TIGIT,1,AGTGTACGTCCCATCAGGGT
TIGIT,2,GCTGACCGTGAACGATACAG
TIGIT,3,CAGGCACAATAGAAACAACG
TIGIT,4,CGTTCACGGTCAGCGACTGG
BTLA,1,AGTAGAGGCAATCCCCCCAA
BTLA,2,CATTGGACCGAACTCAAGAC
BTLA,3,AGTAAACGATACAGGAGCCA
BTLA,4,AGCTTGCACCAAGTCACATG
PTPN11,1,GGAGGAACATGACATCGCGG
PTPN11,2,GATTACTATGACCTGTATGG
PTPN11,3,TCTTCTAGTTGATCATACCA
PTPN11,4,TTATAAGAAGAATCCTATGG
PTPN6,1,CCAGGGTGGACGCTACACAG
PTPN6,2,GAGTACTACACTCAGCAGCA
PTPN6,3,TCACGCACAAGAAACGTCCA
PTPN6,4,CGGCCCAGTCGCAAGAACCA
INPP5D,1,TGGGGATCTTAACTACCGTG
INPP5D,2,CGATCACGTAAATGTCATGG
INPP5D,3,GCTGTTGACGAACCCTAAGG
INPP5D,4,GTGGCTGTTGACGAACCCTA
CBLB,1,AGGAACTGAGCCCATAATCG
CBLB,2,GCACCTCTTGCCTTACGGCA
CBLB,3,TGCACAGAACTATCGTACCA
CBLB,4,TGAATTAGATCCAGGCGAGG
CBL,1,GCAGGTCTAAGATATAAGGT
CBL,2,CTATCTTGTCAAGATATGAG
CBL,3,AGCAGGTCTAAGATATAAGG
CBL,4,AAATGGAAACAAATTCCCGG
UBASH3B,1,CGAGCCCGGCCACTTACGCG
UBASH3B,2,GAGCCCGGCCACTTACGCGC
UBASH3B,3,TGTAGGTTGTATCAACACTC
UBASH3B,4,GTGCAGTCTGAACGCAGCGA
UBASH3A,1,CCAGTACAAACCCCAGAACG
UBASH3A,2,GAGCCAGTGAGTCTGACACG
UBASH3A,3,ATGCCACACGATGATAATGG
UBASH3A,4,CGTGCTGGTGGTTCGCCACG
CSK,1,GCTCCCGTGTGATCTTGCCG
CSK,2,TCTTGCCGTGGAACCAACTG
CSK,3,TACAAGATGGATGCCCCCGA
CSK,4,CTGACCGACCCCTAGACCGC
PAG1,1,ACCTGTCACAACTAGAGCAC
PAG1,2,GTATCCACTGCGCTCTCGGG
PAG1,3,GAAGCCGCGACAGCATAGTG
PAG1,4,CTGGGAATCCAGCAGATCCG
MAP4K1,1,CCAGAGATAACTCCCATGGT
MAP4K1,2,AGAGGGTGCACATCAAAGAG
MAP4K1,3,ACCACTATGACCTGCTACAG
MAP4K1,4,AGGGTGTCCCAATGAAAGAG
PTPN22,1,AGAATAGGGTCTATAGATGA
PTPN22,2,GGATGTACGTTGTTACCAAG
PTPN22,3,TACTAGCTATCCTGACACCA
PTPN22,4,GAAAAAGTGTGAGCGCTACT
DGKA,1,AAGTGGTACATATGGATCGA
DGKA,2,ACGACGGACAGCACATGTGG
DGKA,3,GGATCTACCACAGTCTGACC
DGKA,4,GTGGAATCGATGAGCAATAG
DGKZ,1,GAATAAGATGTTCTACGCCG
DGKZ,2,AGTTCCACGAGTCTCGAGGT
DGKZ,3,GGCCAAGCACATCCGAGTGG
DGKZ,4,CTAGGAGTCAGCGACATATG
PTEN,1,TCATCTGGATTATAGACCAG
PTEN,2,AAAAGGATATTGTGCAACTG
PTEN,3,GACTGGGAATAGTTACTCCC
PTEN,4,CAATTCAGGACCCACACGAC
INPP4B,1,CAGACAAGTCTGTATGACCC
INPP4B,2,ATACTCCAGCACCGAAATTG
INPP4B,3,AACAACAGGCACCTACTGCT
INPP4B,4,TGATCGTAAACTGAATACAC
PPP2CA,1,GGGGTACGACGAGTAACATG
PPP2CA,2,ACATGTGGCTCGCCTCTACG
PPP2CA,3,GAGCTCTAGACACCAACGTG
PPP2CA,4,TAGAGCTCACCAGCTAGTGA
TOX,1,ATCACGAAAGAATAACGCAT
TOX,2,ATAGTGGGAACTTAGGTACA
TOX,3,GCAGGCCATTATGGTTCATG
TOX,4,GCTGATCAATTCGAAGCCGT
NR4A1,1,GGCTAACAAGGACTGCCCTG
NR4A1,2,TACACCCGTGACCTCAACCA
NR4A1,3,ATGTGCGGACACCATAATGC
NR4A1,4,GCCCTCGCCTGGCTTAGACC
NR4A2,1,ATTACCTGTATGCTAATCGA
NR4A2,2,AGGTGCGCACGCCGTAGTGT
NR4A2,3,CATCTGGCAACTAGACACCG
NR4A2,4,GGCCCATGTCGACTCCAACC
NR4A3,1,GCTTCTGGATACATCAATGG
NR4A3,2,TCAGCACTGAGCATGATCAC
NR4A3,3,GAAATCGACAGTACTGACAT
NR4A3,4,AGGTTCGCACGCCGTAGTGC
BATF,1,GGAACTGAAGTACTTCACGT
BATF,2,ACAGAACGCGGCTCTACGCA
BATF,3,ATGTGAGAAGAGTTCAGAGG
BATF,4,AAGCGCGGGGAGCTGACATG
IRF4,1,CTGATCGACCAGATCGACAG
IRF4,2,TCTGGTCGATCAGCCACTGG
IRF4,3,TTTCGCATAGAGCCCGTCGG
IRF4,4,GGTGACTCTATGCTTTGGAG
NFATC1,1,CCACCGAGCCCACTACGAGA
NFATC1,2,GAGCGAGTGTTCGAGACCAG
NFATC1,3,AGAGCGAGTGTTCGAGACCA
NFATC1,4,AAGGAGAGACGGACATCGGG
PRDM1,1,GGACGCGTTCAAGTAAGCGT
PRDM1,2,GGGTAGTGAGCGTTGTACGA
PRDM1,3,GGGGTAGTGAGCGTTGTACG
PRDM1,4,GGATGGGGTAAACGACCCGA
TCF7,1,TCGCTCGTGAACGAGTCCGA
TCF7,2,TACACCAGAACCTAGCATCA
TCF7,3,GCAGGCCAAGTACTATGAGC
TCF7,4,CTGCACATGCAGCTATACCC
FOXO1,1,TCGTCCCGCCGCAACGCGTG
FOXO1,2,CCCCGCGAGCGGCCCAGCGG
FOXO1,3,CGGGACGAGCTGCTCTTGCG
FOXO1,4,GAGTTGGACTGGCTAAACTC
